#,Ник,Ур.,Таланты
1,"""Наёмник"" Ымгыр",25,91
2,"""Наёмник"" Neutral",26,82
3,"""Наёмник "" САСНЫЧ",22,70
4,"""Наемник"" Трифоныч",20,64
5,"""Наемник"" Ной",21,55
6,“Наёмник”Сергей Копылов,16,42
7,"""Наёмник"" Леший",22,37
8,"📡"" LEGION "" АНОНИМ",20,37
9,Fortnox Pockets,18,34
10,🛡Д.О.Л.Г🛡 Изгой,21,33
11,🛡Д.О.Л.Г🛡 Фенрир,19,32
12,[Наёмник] Sof,24,30
13,"""Наёмник""Шрам",20,29
14,🛡Д.О.Л.Г🛡НичегоСвятого,22,27
15,Shuffle,21,27
16,"""Наёмник"" Хмырь",22,26
17,[WINX] Связист,22,26
18,[WINX] Aetemus,22,26
19,",,Наёмник,,☠HARON☣",19,26
20,Расан Дерден,21,24
21,"""Наемник""DemanTV",21,24
22,📡🛡Д.О.Л.Г🛡 Скиф,19,24
23,«Свобода» Dark Angel,19,24
24,Меченый,22,23
25,"""Наёмник"" SEGA",21,23
26,100 ренген,21,23
27,"""Наёмник"" JAZZ",21,23
28,"""Свобода"" Маслина",20,23
29,"""Наёмник"" LORD",20,23
30,"""Наёмник""Кац",21,22
31,"""Наёмник"" Игорь Иванов",20,22
32,"""Наёмник"" SA",20,22
33,"""Наёмник"" Хатчет",19,21
34,«Cвобода» Чехов,18,21
35,📡Проводник,19,20
36,🛡Д.О.Л.Г.🛡 Вольный стрелок,18,20
37,✪✪✪ⓅⓄⓂⒺⓄ✪✪✪,19,19
38,*Монолит* Серега,18,19
39,"""Учёные"" Камень",18,19
40,🛡Д.О.Л.Г🛡 PULSAR,17,19
41,🛡Д.О.Л.Г🛡 ПЕТРОВИЧ.,17,19
42,🛡Д.О.Л.Г🛡 Пуля,15,19
43,Pshmisl,21,18
44,🛡Д.О.Л.Г.🛡 Белый,19,18
45,Иван Козлов,19,18
46,Евгений Малыгин,17,18
47,[Вольный сталкер] Фунт,20,17
48,🛡Д.О.Л.Г.🛡Василий Петечкин,17,17
49,📡Посланник,13,17
50,Чёрный дельфин,20,16
51,Far Easterner,19,16
52,No Name,17,16
53,Singls,20,15
54,🛡Д.О.Л.Г🛡 Дин Винчестер,18,15
55,GoDeZ,17,15
56,Павел Громов,15,14
57,Алексей Ефремкин(Свобода),15,14
58,ALLKATRAS,14,14
59,📡Прогресс,15,13
60,🛡Д.О.Л.Г🛡 Sokolik174,16,13
61,«Свобода» Локи,16,13
62,📡Илья Котов,14,13
63,Rock89 LEGION,15,13
64,Евгений Медведчук,20,12
65,Бандерос,17,12
66,[Д.О.Л.Г] MISTA Q,14,12
67,📡ИНКВИЗИТОР,14,11
68,Петя кок,17,11
69,"""Учёные"" Ежик",16,11
70,📡Kappa,14,11
71,Д. О. Л. Г. Инквизиция,14,11
72,📡Кир,16,10
73,"""Учёные"" Сахарок",17,10
74,📡Слава Придумкин,14,10
75,📡🛡Д.О.Л.Г🛡 Экзарх,15,10
76,📡AlazavR,14,10
77,Рафик Шамгуллин,14,10
78,"""Свобода""Позитивный",17,9
79,Damien Insanity,16,9
80,📡Dimon Офицеров,13,9
81,Ведьма,14,9
82,Илья Тришкин,12,9
83,📡Виталий Шабалин,13,8
84,📡Ашак,12,8
85,📡хитрый лис,12,8
86,📡Бродяга,14,7
87,📡ВОВА,12,7
88,📡Гол,12,7
89,📡Валера,12,7
90,📡лолита,12,7
91,Дмитрий Василенков,16,6
92,📡Владимир,12,6
93,📡кол,12,6
94,📡Антей,12,6
95,📡Вектор,12,6
96,📡Сергей,12,6
97,📡Метро,12,6
98,📡Воробей,12,6
99,📡Бетон,12,6
100,Burton,14,5