#,Ник,Ур.,Экспедиции
1,"""Наёмник"" Neutral",26,134
2,[Наёмник] Sof,24,126
3,[Вольный сталкер] Фунт,20,125
4,[WINX] Связист,22,122
5,[WINX] Aetemus,22,121
6,🛡Д.О.Л.Г🛡НичегоСвятого,22,113
7,"""Наёмник"" JAZZ",21,111
8,🛡Д.О.Л.Г🛡 Изгой,21,109
9,Singls,20,107
10,"""Наёмник"" Хмырь",22,106
11,Евгений Медведчук,20,106
12,"""Наёмник"" LORD",20,104
13,Shuffle,21,103
14,"""Наёмник"" Леший",22,97
15,Чёрный дельфин,20,97
16,Расан Дерден,21,96
17,"""Наёмник""Кац",21,96
18,100 ренген,21,94
19,Иван Козлов,19,94
20,"""Наёмник"" Ымгыр",25,92
21,🛡Д.О.Л.Г.🛡 Белый,19,91
22,Меченый,22,90
23,"""Наемник"" Ной",21,88
24,«Свобода» Dark Angel,19,88
25,"""Свобода"" Маслина",20,87
26,"""Учёные"" Сахарок",17,86
27,"""Наемник"" Трифоныч",20,85
28,"""Наёмник"" Игорь Иванов",20,84
29,Far Easterner,19,82
30,"""Наёмник"" Хатчет",19,81
31,🛡Д.О.Л.Г🛡 Фенрир,19,78
32,*Монолит* Серега,18,76
33,📡🛡Д.О.Л.Г🛡 Скиф,19,75
34,🛡Д.О.Л.Г🛡 ПЕТРОВИЧ.,17,75
35,"""Наёмник""Шрам",20,72
36,"""Наёмник"" SEGA",21,72
37,",,Наёмник,,☠HARON☣",19,67
38,📡Проводник,19,66
39,🛡Д.О.Л.Г🛡 PULSAR,17,66
40,«Свобода» Локи,16,65
41,Евгений Малыгин,17,64
42,"""Наемник""DemanTV",21,62
43,"""Учёные"" Камень",18,62
44,Pshmisl,21,62
45,📡Слава Придумкин,14,62
46,✪✪✪ⓅⓄⓂⒺⓄ✪✪✪,19,57
47,📡🛡Д.О.Л.Г🛡 Экзарх,15,57
48,“Наёмник”Сергей Копылов,16,55
49,Петя кок,17,55
50,Ведьма,14,51
51,🛡Д.О.Л.Г🛡 Sokolik174,16,50
52,"📡"" LEGION "" АНОНИМ",20,49
53,🛡Д.О.Л.Г🛡 Пуля,15,49
54,"""Наёмник"" SA",20,48
55,GoDeZ,17,46
56,Damien Insanity,16,45
57,🛡Д.О.Л.Г.🛡Василий Петечкин,17,44
58,🛡Д.О.Л.Г🛡 Дин Винчестер,18,40
59,🛡Д.О.Л.Г.🛡 Вольный стрелок,18,38
60,📡Прогресс,15,37
61,"""Наёмник "" САСНЫЧ",22,36
62,«Cвобода» Чехов,18,36
63,No Name,17,36
64,Rock89 LEGION,15,32
65,Павел Громов,15,29
66,Fortnox Pockets,18,25
67,Дмитрий Василенков,16,23
68,📡AlazavR,14,19
69,"""Учёные"" Ежик",16,16
70,"""Свобода""Позитивный",17,16
71,Бандерос,17,15
72,[Д.О.Л.Г] MISTA Q,14,15
73,📡ВОВА,12,15
74,📡Воробей,12,13
75,📡Владимир,12,12
76,📡Сергей,12,12
77,ALLKATRAS,14,11
78,📡Антей,12,11
79,📡Бетон,12,11
80,Burton,14,11
81,Илья Тришкин,12,10
82,📡хитрый лис,12,10
83,📡кол,12,10
84,📡Вектор,12,10
85,📡Илья Котов,14,9
86,📡Гол,12,9
87,📡Валера,12,9
88,📡лолита,12,9
89,📡Ашак,12,7
90,📡Метро,12,7
91,Алексей Ефремкин(Свобода),15,4
92,Д. О. Л. Г. Инквизиция,14,3
93,Рафик Шамгуллин,14,3
94,📡Посланник,13,2
95,📡Dimon Офицеров,13,2
96,📡Виталий Шабалин,13,1
97,📡Бродяга,14,1
98,📡ИНКВИЗИТОР,14,0
99,📡Kappa,14,0
100,📡Кир,16,0