#,Ник,Ур.,Боссов,Δ Боссов
1,[Наёмник] Sof,24,1 839,+14
2,"""Наёмник"" JAZZ",21,1 659,+12
3,"""Наёмник"" Neutral",26,1 511,+9
4,"""Наёмник"" Ымгыр",25,1 476,+8
5,🛡Д.О.Л.Г🛡 Изгой,21,1 453,+14
6,Pshmisl,21,1 365,+11
7,""" LEGION "" АНОНИМ",20,1 351,0
8,[WINX] Aetemus,22,1 225,+14
9,[WINX] Связист,22,1 219,+14
10,Меченый,22,1 210,+4
11,"""Наёмник""Кац",21,1 199,+3
12,"""Наёмник"" Игорь Иванов",20,1 187,+6
13,"""Наёмник"" SA",20,1 179,+8
14,Расан Дерден,21,1 157,+10
15,"""Наёмник"" SEGA",21,1 151,0
16,"""Наёмник"" Хмырь",22,1 150,+5
17,"""Наёмник"" LORD",20,1 135,+4
18,Иван Козлов,19,1 121,+7
19,🛡Д.О.Л.Г🛡НичегоСвятого,22,1 118,+3
20,«Свобода» Dark Angel,19,1 096,+8
21,Чёрный дельфин,20,1 092,+10
22,Far Easterner,19,1 092,+10
23,100 ренген,21,1 062,+1
24,🛡Д.О.Л.Г.🛡Медведь,20,1 060,—
25,"""Свобода"" Маслина",20,1 058,+12
26,🛡Д.О.Л.Г.🛡 Вольный стрелок,18,1 053,+8
27,"""Наемник""DemanTV",21,1 053,+4
28,✪✪✪ⓅⓄⓂⒺⓄ✪✪✪,19,1 050,+9
29,"""Наёмник"" Хатчет",19,1 050,+10
30,Бандерос,17,1 022,+2
31,«Свобода» Shuffle,21,1 019,+6
32,*Монолит* Серега,18,1 006,+4
33,Проводник,19,1 003,0
34,[Вольный сталкер] Фунт,20,1 001,+11
35,Singls,20,980,0
36,🛡Д.О.Л.Г.🛡 Белый,19,964,+8
37,",,Наёмник,,☠HARON☣",19,921,+8
38,"""Наемник"" Трифоныч",20,910,+10
39,🛡Д.О.Л.Г🛡 Скиф,19,832,0
40,🛡Д.О.Л.Г🛡 ПЕТРОВИЧ.,17,831,+4
41,"""Наёмник""Шрам",21,828,+2
42,GoDeZ,17,810,+9
43,"""Наемник"" Ной",21,807,0
44,Rock89 LEGION,15,801,+16
45,"""Учёные"" Камень",18,768,+9
46,Алексей Ефремкин(Свобода),15,749,+7
47,"""Свобода""Позитивный",17,735,+3
48,«Cвобода» Чехов,18,721,+6
49,🛡Д.О.Л.Г.🛡Василий Петечкин,17,703,+11
50,No Name,17,702,0
51,"""Свобода"" Damien Insanity",16,699,+6
52,Петя кок,17,692,+9
53,"""Учёные"" Сахарок",17,688,+3
54,🛡Д.О.Л.Г🛡 Дин Винчестер,18,677,+1
55,Евгений Малыгин,17,665,+4
56,Павел Громов,15,660,+11
57,[Д.О.Л.Г] MISTA Q,14,657,+2
58,🛡Д.О.Л.Г🛡 PULSAR,17,657,+2
59,🛡Д.О.Л.Г🛡 Sokolik174,16,642,+12
60,🛡Д.О.Л.Г🛡 Фенрир,19,639,+5
61,“Наёмник”Сергей Копылов,16,635,+3
62,Fortnox Pockets,18,627,0
63,Дмитрий Василенков,16,619,+5
64,"""Наёмник"" Леший",22,599,+9
65,Куба,14,579,0
66,Илья Котов,14,566,0
67,"""Учёные"" Ежик",16,566,+8
68,Д. О. Л. Г. Инквизиция,14,565,+1
69,Прогресс,15,559,0
70,«Свобода» Локи,16,549,+2
71,🛡Д.О.Л.Г🛡 Пуля,16,538,+6
72,Burton,14,536,+11
73,AlazavR,14,524,0
74,Мирослава Сергеевна,13,518,+7
75,Вася Кабачок,14,505,0
76,Kappa,14,503,0
77,"""Свобода"" Чумба",14,501,+9
78,Dimon Офицеров,13,501,0
79,🛡Д.О.Л.Г🛡 Денис Елизаров,14,487,+5
80,Рафик Шамгуллин,14,487,+4
81,Максим Щербак,13,481,+9
82,Кирилл Логвинов,13,463,+2
83,🛡Д.О.Л.Г🛡 Экзарх,15,461,+5
84,Аня Лукашевич,13,447,+13
85,Stalk,14,445,0
86,Кир,16,439,0
87,"""Ученые"" Лейла",13,418,—
88,Виталий Шабалин,13,412,0
90,Андрей Дрокин,13,406,0
91,Ольга Ридель,12,405,+11
92,Андрей Кузнецов,13,404,0
93,Артем Кузнецов,13,397,0
94,Безумие Окопа,12,394,+12
95,🛡Д.О.Л.Г🛡 RossMilan,13,385,+11
96,ALLKATRAS,14,381,+2
97,ParaZiTka,12,368,0
98,Игорь Зубань,12,361,+12
99,Ext,12,360,0
100,"""Учёные"" Винслоу",13,358,+8