#,Ник,Ур.,Тайники
1,[Наёмник] Sof,24,6893
2,"""Наёмник"" Neutral",26,6638
3,"📡"" LEGION "" АНОНИМ",20,6389
4,🛡Д.О.Л.Г🛡НичегоСвятого,22,5792
5,"""Наемник""DemanTV",21,5679
6,Pshmisl,21,5503
7,"""Наёмник"" Ымгыр",25,5479
8,Меченый,22,5471
9,🛡Д.О.Л.Г.🛡Медведь,20,5346
10,🛡Д.О.Л.Г🛡 Изгой,21,5344
11,Чёрный дельфин,20,5339
12,100 ренген,21,5262
13,[Вольный сталкер] Фунт,20,5260
14,Singls,20,5177
15,Иван Козлов,19,5030
16,Far Easterner,19,4955
17,Расан Дерден,21,4930
18,"""Наёмник""Кац",21,4915
19,"""Наёмник"" LORD",20,4907
20,"""Наёмник"" SA",20,4775
21,[WINX] Связист,22,4728
22,[WINX] Aetemus,22,4666
23,"""Наёмник"" SEGA",21,4639
24,"""Наёмник"" Хмырь",22,4607
25,"""Наёмник"" Игорь Иванов",20,4562
26,«Свобода» Shuffle,21,4439
27,✪✪✪ⓅⓄⓂⒺⓄ✪✪✪,19,4314
28,"""Наемник"" Трифоныч",20,4298
29,"""Наёмник"" JAZZ",21,3986
30,"""Наёмник"" Хатчет",19,3891
31,🛡Д.О.Л.Г.🛡 Белый,19,3821
32,«Свобода» Dark Angel,19,3817
33,📡Kappa,14,3808
34,🛡Д.О.Л.Г🛡 Скиф,19,3710
35,"""Наемник"" Ной",21,3672
36,"""Свобода"" Маслина",20,3510
37,Бандерос,17,3377
38,"""Наёмник""Шрам",21,3216
39,",,Наёмник,,☠HARON☣",19,3192
40,🛡Д.О.Л.Г🛡 PULSAR,17,3127
41,📡Проводник,19,3109
42,"""Учёные"" Камень",18,2977
43,🛡Д.О.Л.Г🛡 Дин Винчестер,18,2931
44,🛡Д.О.Л.Г🛡 ПЕТРОВИЧ.,17,2797
45,"""Свобода""Позитивный",17,2716
46,«Cвобода» Чехов,18,2713
47,Петя кок,17,2668
48,No Name,17,2661
49,*Монолит* Серега,18,2616
50,"""Учёные"" Ежик",16,2610
51,🛡Д.О.Л.Г.🛡Василий Петечкин,17,2580
52,Евгений Малыгин,17,2521
53,"""Свобода"" Damien Insanity",16,2516
54,📡Fortnox Pockets,18,2474
55,🛡Д.О.Л.Г.🛡 Вольный стрелок,18,2449
56,Павел Громов,15,2387
57,"""Наёмник"" Леший",22,2373
58,GoDeZ,17,2373
59,Илья Тришкин,12,2337
60,Алексей Ефремкин(Свобода),15,2334
61,Рафик Шамгуллин,14,2243
62,📡Прогресс,15,2169
63,📡Илья Котов,14,2142
64,📡Виталий Шабалин,13,2139
65,🛡Д.О.Л.Г🛡 Фенрир,19,2051
66,"""Учёные"" Сахарок",17,2046
67,Rock89 LEGION,15,1977
68,Д. О. Л. Г. Инквизиция,14,1955
69,📡Dimon Офицеров,13,1930
70,«Свобода» Локи,16,1898
71,ALLKATRAS,14,1751
72,📡Кир,16,1681
73,🛡Д.О.Л.Г🛡 Sokolik174,16,1672
74,Дмитрий Василенков,16,1655
75,📡AlazavR,14,1589
76,[Д.О.Л.Г] MISTA Q,14,1579
77,🛡Д.О.Л.Г🛡 Экзарх,15,1472
78,Ведьма,14,1408
79,📡Вектор,12,1401
80,📡хитрый лис,12,1395
81,📡Бетон,12,1392
82,📡Сергей,12,1387
83,📡Антей,12,1386
84,📡лолита,12,1384
85,“Наёмник”Сергей Копылов,16,1379
86,📡Гол,12,1378
87,📡Ашак,12,1366
88,📡Валера,12,1350
89,📡кол,12,1345
90,Burton,14,1337
91,📡Владимир,12,1328
92,🛡Д.О.Л.Г🛡 Пуля,16,1271
93,📡Слава Придумкин,14,1271
94,📡ВОВА,12,902
95,📡Метро,12,899
96,📡Воробей,12,874
97,📡ИНКВИЗИТОР,14,793
98,"""Наёмник "" САСНЫЧ",22,757
99,📡Бродяга,14,583
100,📡Посланник,13,339