#,Ник,Ур.,Реп.,Δ Ур.,Δ Реп.
1,"""Наёмник"" Ымгыр",25,217 843,0,+1325
2,"""Наёмник"" Neutral",26,215 794,0,+1250
3,"""Наёмник "" САСНЫЧ",22,198 405,0,0
4,[Наёмник] Sof,24,150 321,0,+1506
5,"""Наёмник""Шрам",21,143 690,0,+405
6,"""Наёмник"" Леший",22,139 288,0,+2314
7,Меченый,22,138 176,0,+1263
8,"""Наемник"" Ной",21,134 694,0,0
9,Pshmisl,21,122 357,0,+1046
10,"""Наёмник"" Хмырь",22,120 881,0,+1130
11,🛡Д.О.Л.Г🛡НичегоСвятого,22,116 630,0,+1356
12,🛡Д.О.Л.Г🛡 Изгой,21,116 560,0,+954
13,"""Наёмник""Кац",21,112 318,0,+955
14,""" LEGION "" АНОНИМ",20,111 889,0,0
15,[WINX] Связист,22,111 119,0,+1590
16,[WINX] Aetemus,22,110 715,0,+1500
17,Расан Дерден,21,109 507,0,+670
18,"""Наёмник"" SEGA",21,108 947,0,+315
19,"""Наемник""DemanTV",21,107 911,0,+1107
20,Чёрный дельфин,20,107 799,0,+844
21,🛡Д.О.Л.Г.🛡Медведь,20,105 368,—,—
22,100 ренген,21,104 750,0,+1018
23,[Вольный сталкер] Фунт,20,103 996,0,+1105
24,Singls,20,100 515,0,+207
25,"""Наёмник"" JAZZ",21,100 451,0,+782
26,"""Наёмник"" Игорь Иванов",20,98 825,0,+618
27,«Свобода» Shuffle,21,98 210,0,+1427
28,Fortnox Pockets,18,93 948,0,0
29,✪✪✪ⓅⓄⓂⒺⓄ✪✪✪,19,92 568,0,+785
30,"""Наёмник"" SA",20,90 778,0,+436
31,"""Наемник"" Трифоныч",20,89 723,0,+768
32,"""Свобода"" Маслина",20,88 697,0,+828
33,"""Наёмник"" LORD",20,87 414,0,+649
34,"""Наёмник"" Хатчет",19,85 560,0,+870
35,🛡Д.О.Л.Г.🛡 Белый,19,85 168,0,+527
36,🛡Д.О.Л.Г🛡 Скиф,19,84 654,0,+285
37,🛡Д.О.Л.Г🛡 Фенрир,19,84 193,0,+678
38,",,Наёмник,,☠HARON☣",19,83 191,0,+978
39,Far Easterner,19,82 573,0,+1177
40,Иван Козлов,19,81 732,0,+805
41,Проводник,19,80 585,0,0
42,«Cвобода» Чехов,18,79 393,0,+1303
43,*Монолит* Серега,18,79 061,0,+683
44,🛡Д.О.Л.Г.🛡 Вольный стрелок,18,77 784,0,+1048
45,«Свобода» Dark Angel,19,75 284,0,+1149
46,"""Учёные"" Камень",18,74 980,0,+1447
47,ИНКВИЗИТОР,14,70 701,0,0
48,🛡Д.О.Л.Г🛡 Дин Винчестер,18,70 618,0,+1092
49,Евгений Малыгин,17,68 458,0,+469
50,Кир,16,66 808,0,0
51,🛡Д.О.Л.Г🛡 PULSAR,17,66 363,0,+1046
52,🛡Д.О.Л.Г🛡 ПЕТРОВИЧ.,17,64 472,0,+806
53,"""Свобода""Позитивный",17,63 326,0,+376
54,🛡Д.О.Л.Г.🛡Василий Петечкин,17,63 228,0,+1076
55,Петя кок,17,62 237,0,+1127
56,No Name,17,62 232,0,0
57,Бандерос,17,61 745,0,+450
58,GoDeZ,17,61 700,0,+516
59,"""Свобода"" Damien Insanity",16,60 875,0,+489
60,"""Учёные"" Сахарок",17,56 611,0,+624
61,Прогресс,15,56 054,0,0
62,"""Учёные"" Ежик",16,55 623,0,+1410
63,🛡Д.О.Л.Г🛡 Sokolik174,16,54 626,0,+939
64,Дмитрий Василенков,16,53 570,0,+933
65,«Свобода» Локи,16,52 914,0,+1209
66,“Наёмник”Сергей Копылов,16,51 295,0,+1329
67,Павел Громов,15,47 634,0,+604
68,🛡Д.О.Л.Г🛡 Пуля,16,47 130,0,+4652
69,Kappa,14,46 780,0,0
70,Алексей Ефремкин(Свобода),15,45 426,0,+574
71,Илья Котов,14,44 872,0,0
72,Бродяга,14,44 233,0,0
73,ALLKATRAS,14,43 457,0,+346
74,🛡Д.О.Л.Г🛡 Экзарх,15,43 361,0,+1042
75,Слава Придумкин,14,42 029,0,0
76,Burton,14,41 223,0,+879
77,Рафик Шамгуллин,14,41 016,0,+776
78,Rock89 LEGION,15,40 548,0,+549
79,Д. О. Л. Г. Инквизиция,14,39 869,0,+318
80,AlazavR,14,39 704,0,0
81,Dimon Офицеров,13,39 628,0,0
82,Посланник,13,39 314,0,0
83,Виталий Шабалин,13,38 896,0,0
84,ВОВА,12,38 749,0,0
85,Ведьма,14,38 726,0,+268
86,Владимир,12,37 947,0,0
87,[Д.О.Л.Г] MISTA Q,14,37 527,0,+378
88,кол,12,37 445,0,0
89,Антей,12,36 978,0,0
90,Гол,12,36 935,0,0
91,Валера,12,36 874,0,0
92,Илья Тришкин,12,36 519,0,+479
93,Вектор,12,36 441,0,0
94,Сергей,12,36 292,0,0
95,лолита,12,36 265,0,0
96,Ашак,12,36 191,0,0
97,Метро,12,36 190,0,0
98,хитрый лис,12,36 161,0,0
99,Воробей,12,35 997,0,0
100,Бетон,12,35 942,0,0