#,Ник,Ур.,Коллекции
1,"""Наёмник "" САСНЫЧ",23,88
2,"""Наёмник"" Леший",23,73
3,"""Наёмник"" Ымгыр",26,54
4,"""Наёмник"" Neutral",27,47
5,🛡Д.О.Л.Г🛡НичегоСвятого,23,47
6,[WINX] Связист,23,45
7,[Наёмник] Sof,25,44
8,Меченый,22,43
9,[WINX] Aetemus,23,41
10,"""Наёмник"" Хмырь",22,40
11,"""Наемник""DemanTV",22,40
12,Расан Дерден,21,37
13,"""Наёмник"" SEGA",21,36
14,[Вольный сталкер] Фунт,20,36
15,«Свобода» Shuffle,21,34
16,"""Наёмник""Кац",21,34
17,🛡Д.О.Л.Г.🛡Медведь,20,34
18,Чёрный дельфин,21,33
19,"""Учёные"" Камень",19,32
20,Singls,21,31
21,"""Наёмник"" LORD",20,30
22,«Cвобода» Чехов,19,30
23,🛡Д.О.Л.Г🛡 PULSAR,17,30
24,Петя кок,18,30
25,"""Наемник"" Трифоныч",20,29
26,“Наёмник”Сергей Копылов,17,29
27,🛡Д.О.Л.Г🛡 Изгой,22,29
28,"""Свобода"" Маслина",20,29
29,Fortnox Pockets,18,28
30,100 ренген,21,28
31,🛡Д.О.Л.Г🛡 Скиф,19,27
32,"""Наёмник"" SA",20,25
33,🛡Д.О.Л.Г🛡 Фенрир,19,24
34,"""Наёмник"" Хатчет",19,24
35,"""Наемник"" Ной",21,23
36,🛡Д.О.Л.Г🛡 ПЕТРОВИЧ.,18,23
37,"""Учёные"" Ежик",17,23
38,«Свобода» Dark Angel,20,22
39,"""Наёмник""Шрам",21,21
40,"""Наёмник"" Игорь Иванов",20,21
41,✪✪✪ⓅⓄⓂⒺⓄ✪✪✪,20,21
42,🛡Д.О.Л.Г.🛡Василий Петечкин,18,21
43,Far Easterner,19,21
44,🛡Д.О.Л.Г.🛡 Вольный стрелок,19,20
45,",,Наёмник,,☠HARON☣",19,19
46,"""Наёмник"" JAZZ",21,19
47,Иван Козлов,19,19
48,*Монолит* Серега,19,19
49,🛡Д.О.Л.Г.🛡 Белый,20,18
50,«Свобода» Локи,17,18
51,Ассасин Дмитрий Василенков,16,17
52,🛡Д.О.Л.Г🛡 Пуля,17,16
53,GoDeZ,18,16
54,"""Свобода""Позитивный",17,16
55,"""Учёные"" Сахарок",17,16
56,"""Свобода"" Damien Insanity",17,16
57,"📡"" LEGION "" АНОНИМ",20,15
58,📡Проводник,19,14
59,Евгений Малыгин,18,14
60,Илья Тришкин,13,14
61,🛡Д.О.Л.Г🛡 Sokolik174,17,13
62,Rock89,16,12
63,Павел Громов,16,11
64,🛡Д.О.Л.Г🛡 Экзарх,16,11
65,🛡Д.О.Л.Г🛡 Дин Винчестер,18,10
66,Алексей Ефремкин(Свобода),15,9
67,Бандерос,17,9
68,Pshmisl,21,8
69,Рафик Шамгуллин,15,8
70,Слава Придумкин,14,8
71,Ведьма,14,8
72,🛡Д.О.Л.Г🛡 Денис Елизаров,14,8
73,"""Свобода"" Чумба",15,7
74,No Name,17,6
75,ALLKATRAS,14,5
76,Д. О. Л. Г. Инквизиция,14,5
77,[Д.О.Л.Г] MISTA Q,14,3
78,Dimon Офицеров,14,2
79,📡Илья Котов,14,1
80,📡AlazavR,14,1
81,📡Посланник,13,0
82,📡Прогресс,15,0
83,📡ИНКВИЗИТОР,14,0
84,📡Kappa,14,0
85,📡Кир,16,0
86,📡Виталий Шабалин,13,0
87,📡Ашак,12,0
88,📡хитрый лис,12,0
89,📡Бродяга,14,0
90,📡ВОВА,12,0
91,📡Гол,12,0
92,📡Валера,12,0
93,📡лолита,12,0
94,Burton,14,0
95,📡Владимир,12,0
96,📡кол,12,0
97,📡Антей,12,0
98,📡Вектор,12,0
99,📡Сергей,12,0
100,📡Метро,12,0