#,Ник,Ур.,Защита лагеря
1,[Наёмник] Sof,24,126
2,"""Наёмник"" Neutral",27,125
3,[WINX] Связист,22,125
4,100 ренген,21,118
5,[WINX] Aetemus,22,117
6,Singls,20,113
7,🛡Д.О.Л.Г🛡НичегоСвятого,22,107
8,Pshmisl,21,105
9,"""Наёмник"" Леший",23,104
10,"""Наемник"" Трифоныч",20,95
11,"""Наёмник"" Хмырь",22,92
12,[Вольный сталкер] Фунт,20,92
13,✪✪✪ⓅⓄⓂⒺⓄ✪✪✪,20,85
14,"""Наемник""DemanTV",21,84
15,Меченый,22,84
16,Петя кок,18,78
17,"""Учёные"" Ежик",16,78
18,«Свобода» Shuffle,21,76
19,"""Свобода"" Чумба",15,75
20,🛡Д.О.Л.Г.🛡Василий Петечкин,17,73
21,🛡Д.О.Л.Г.🛡Медведь,20,71
22,"""Учёные"" Камень",19,65
23,🛡Д.О.Л.Г🛡 Изгой,21,61
24,"""Наёмник"" Ымгыр",26,60
25,Евгений Малыгин,18,56
26,"""Наёмник"" LORD",20,54
27,Расан Дерден,21,53
28,🛡Д.О.Л.Г🛡 Экзарх,15,53
29,🛡Д.О.Л.Г🛡 Скиф,19,52
30,🛡Д.О.Л.Г🛡 Пуля,16,51
31,"""Наёмник"" SA",20,48
32,«Свобода» Локи,16,47
33,",,Наёмник,,☠HARON☣",19,46
34,«Cвобода» Чехов,19,43
35,"""Наемник"" Ной",21,40
36,📡Проводник,19,40
37,«Свобода» Dark Angel,19,37
38,"📡"" LEGION "" АНОНИМ",20,35
39,🛡Д.О.Л.Г🛡 Дин Винчестер,18,35
40,*Монолит* Серега,18,34
41,Ведьма,14,34
42,"""Учёные"" Сахарок",17,33
43,Павел Громов,16,31
44,Илья Тришкин,13,31
45,"""Свобода"" Damien Insanity",17,29
46,Рафик Шамгуллин,15,27
47,Ассасин Дмитрий Василенков,16,27
48,"""Наёмник"" JAZZ",21,26
49,Rock89 LEGION,15,25
50,🛡Д.О.Л.Г.🛡 Белый,19,22
51,📡Слава Придумкин,14,22
52,"""Свобода""Позитивный",17,21
53,"""Наёмник"" Хатчет",19,19
54,📡Прогресс,15,19
55,GoDeZ,18,17
56,"""Свобода"" Маслина",20,14
57,Д. О. Л. Г. Инквизиция,14,14
58,"""Наёмник"" SEGA",21,12
59,Far Easterner,19,11
60,“Наёмник”Сергей Копылов,17,10
61,Burton,14,9
62,"""Наёмник "" САСНЫЧ",23,7
63,ALLKATRAS,14,7
64,🛡Д.О.Л.Г🛡 Sokolik174,16,7
65,📡AlazavR,14,6
66,🛡Д.О.Л.Г🛡 Фенрир,19,5
67,"""Наёмник""Кац",21,5
68,🛡Д.О.Л.Г.🛡 Вольный стрелок,19,5
69,Алексей Ефремкин(Свобода),15,5
70,"""Наёмник""Шрам",21,4
71,🛡Д.О.Л.Г🛡 Денис Елизаров,14,4
72,Fortnox Pockets,18,3
73,🛡Д.О.Л.Г🛡 PULSAR,17,3
74,[Д.О.Л.Г] MISTA Q,14,3
75,🛡Д.О.Л.Г🛡 ПЕТРОВИЧ.,17,2
76,Бандерос,17,2
77,"""Наёмник"" Игорь Иванов",20,1
78,No Name,17,1
79,📡Илья Котов,14,1
80,Иван Козлов,19,0
81,📡Посланник,13,0
82,Чёрный дельфин,21,0
83,📡ИНКВИЗИТОР,14,0
84,📡Kappa,14,0
85,📡Кир,16,0
86,Dimon Офицеров,13,0
87,📡Виталий Шабалин,13,0
88,📡Ашак,12,0
89,📡хитрый лис,12,0
90,📡Бродяга,14,0
91,📡ВОВА,12,0
92,📡Гол,12,0
93,📡Валера,12,0
94,📡лолита,12,0
95,📡Владимир,12,0
96,📡кол,12,0
97,📡Антей,12,0
98,📡Вектор,12,0
99,📡Сергей,12,0
100,📡Метро,12,0