№;ID;Ник;В Зоне;Группировка;Уровень;Репутация;Таланты;Убито боссов;Боссы: Альфа-пёс;Боссы: Болотная тварь;Боссы: Боров;Боссы: Излом;Боссы: Крыса;Боссы: Упырь;Собрано коллекций;Завершено экспедиций;Защищено лагерей;Собрано тайников;Нет сигнала
1;133;"""Наёмник"" Ымгыр";4 месяца;Наёмники;26;230646;96;1578;537;51;194;5;774;17;54;110;69;5775;
2;523;"""Наёмник"" Neutral";4 месяца;Наёмники;27;224242;83;1629;535;60;240;4;770;20;47;154;135;6959;
3;665;"""Наёмник "" САСНЫЧ";3 месяца;Наёмники;23;200660;74;275;71;12;37;1;150;4;88;43;7;772;
4;672;[Наёмник] Sof;3 месяца;Наёмники;25;159678;31;1962;725;86;390;4;742;15;45;144;136;7211;
5;276;"""Наёмник""Шрам";4 месяца;Наёмники;21;147599;30;876;215;28;70;2;553;8;21;83;4;3309;
6;1342;"""Наёмник"" Леший";2 месяца;Наёмники;23;145509;37;643;164;27;72;5;366;9;75;110;107;2558;
7;62;Меченый;4 месяца;Рассвет;22;143029;23;1278;329;42;133;4;759;11;43;103;87;5636;
8;87;"""Наемник"" Ной";4 месяца;—;21;134694;55;807;203;18;84;;496;6;23;89;40;3672;
9;1122;"""Наёмник"" Хмырь";3 месяца;Наёмники;22;128530;27;1263;391;60;156;2;639;15;44;122;99;4907;
10;48;Pshmisl;4 месяца;—;22;128517;19;1459;463;30;146;1;810;9;8;64;111;5781;
11;713;🛡Д.О.Л.Г🛡НичегоСвятого;3 месяца;Долг;23;123554;29;1197;279;50;117;4;728;19;49;132;116;6108;
12;43;🛡Д.О.Л.Г🛡 Изгой;4 месяца;Долг;22;122857;33;1534;490;54;180;3;790;17;29;124;68;5594;
13;904;[WINX] Связист;3 месяца;Winx club;23;120533;27;1340;452;69;212;4;589;14;46;142;135;5045;
14;916;[WINX] Aetemus;3 месяца;Winx club;23;119917;27;1343;456;70;207;4;592;14;43;139;127;4981;
15;58;"""Наёмник""Кац";4 месяца;Наёмники;21;119249;23;1307;331;32;135;3;801;5;36;111;5;5208;
16;123;Расан Дерден;4 месяца;—;21;114869;25;1214;284;42;123;3;746;16;37;110;54;5144;
17;91;"""Наемник""DemanTV";4 месяца;Наёмники;22;114414;25;1126;252;30;99;2;735;8;40;75;92;5981;
18;335;🛡Д.О.Л.Г.🛡Медведь;4 месяца;Долг;20;112256;13;1136;284;33;109;3;697;10;35;121;76;5613;
19;56;""" LEGION "" АНОНИМ";4 месяца;L E G I O N;20;111889;37;1351;445;66;244;;585;11;15;49;35;6389;да
20;27;"""Наёмник"" SEGA";4 месяца;Наёмники;21;110764;23;1182;301;38;107;2;727;7;36;76;12;4708;
21;1141;[Вольный сталкер] Фунт;3 месяца;Вольные сталкеры;20;110404;18;1061;244;40;135;2;630;10;36;143;99;5575;
22;569;100 ренген;4 месяца;Рассвет;21;110238;24;1131;278;28;101;2;714;8;28;109;128;5496;
23;405;Чёрный дельфин;4 месяца;Наёмники;21;109747;16;1120;312;33;135;3;629;8;33;104;0;5396;
24;909;Singls;3 месяца;Вольные сталкеры;21;105990;16;1032;246;28;88;2;659;9;31;120;122;5413;
25;231;"""Наёмник"" JAZZ";4 месяца;Наёмники;21;104951;24;1760;666;40;248;;796;10;21;125;26;4164;
26;746;«Свобода» Shuffle;3 месяца;Свобода;21;104595;29;1088;258;35;96;3;684;12;34;119;84;4701;
27;412;"""Наёмник"" Игорь Иванов";4 месяца;Наёмники;20;104251;23;1250;310;45;115;3;762;15;21;101;1;4710;
28;174;✪✪✪ⓅⓄⓂⒺⓄ✪✪✪;4 месяца;Свобода;20;99980;26;1121;268;27;98;;718;10;23;73;91;4560;
29;986;"""Наемник"" Трифоныч";3 месяца;Наёмники;20;96409;70;977;234;46;97;5;580;15;29;103;101;4617;
30;19;"""Наёмник"" SA";4 месяца;Наёмники;20;94976;23;1252;285;38;110;4;801;14;25;50;52;4982;
31;25;"""Свобода"" Маслина";4 месяца;Свобода;20;93990;25;1117;281;29;95;2;700;10;30;98;16;3705;
32;1041;Fortnox Pockets;3 месяца;—;18;93948;34;627;205;15;61;;337;9;28;25;3;2474;да
33;73;"""Наёмник"" LORD";4 месяца;Наёмники;20;92076;23;1215;311;44;126;4;716;14;32;120;58;5104;
34;285;🛡Д.О.Л.Г.🛡 Белый;4 месяца;Долг;20;91403;21;1020;231;33;98;1;643;14;22;107;27;4081;
35;288;🛡Д.О.Л.Г🛡 Фенрир;4 месяца;Долг;19;89129;33;708;165;27;74;5;422;15;27;89;5;2336;
36;35;"""Наёмник"" Хатчет";4 месяца;Наёмники;19;88088;21;1088;248;26;81;3;723;7;24;92;19;3973;
37;431;Far Easterner;4 месяца;Свобода;19;87478;20;1160;282;22;101;;752;3;22;95;12;5168;
38;388;«Cвобода» Чехов;4 месяца;Свобода;19;86889;25;796;205;18;58;3;502;10;32;50;51;2941;
39;349;Иван Козлов;4 месяца;Торговцы;19;86769;19;1192;292;23;103;;773;1;19;110;0;5336;
40;968;,,Наёмник,,☠HARON☣;3 месяца;Наёмники;19;86313;28;957;268;38;118;3;520;10;21;76;46;3308;
41;556;🛡Д.О.Л.Г🛡 Скиф;4 месяца;—;19;84654;24;836;188;27;77;2;530;12;27;76;52;3710;да
42;31;*Монолит* Серега;4 месяца;Монолит;19;83786;20;1066;265;15;87;;697;2;19;84;36;2781;
43;652;🛡Д.О.Л.Г.🛡 Вольный стрелок;3 месяца;Долг;19;81260;23;1111;255;27;92;1;730;6;21;50;5;2519;
44;46;Проводник;4 месяца;—;19;80585;20;1003;270;24;75;2;626;6;14;66;40;3109;да
45;1236;"""Учёные"" Камень";2 месяца;Учёные;19;80236;21;834;214;31;99;2;476;12;32;74;69;3146;
46;244;«Свобода» Dark Angel;4 месяца;Свобода;20;80185;25;1171;281;40;108;2;727;13;24;101;42;4075;
47;124;🛡Д.О.Л.Г🛡 Дин Винчестер;4 месяца;Долг;18;73537;15;721;165;21;62;3;465;5;10;47;37;3008;
48;1242;🛡Д.О.Л.Г🛡 PULSAR;2 месяца;Долг;18;72473;22;731;166;32;64;2;457;10;30;78;3;3430;
49;576;ИНКВИЗИТОР;4 месяца;—;14;70701;11;161;37;;4;;120;;0;0;0;793;да
50;998;Евгений Малыгин;3 месяца;Свобода;18;69652;20;672;169;12;43;;446;2;14;71;58;2557;
51;869;🛡Д.О.Л.Г.🛡Василий Петечкин;3 месяца;Долг;18;69554;19;780;186;31;73;1;480;9;22;59;80;2803;
52;1220;Петя кок;2 месяца;Чистое небо;18;69455;12;782;184;21;104;;469;4;32;64;84;2963;
53;1204;🛡Д.О.Л.Г🛡 ПЕТРОВИЧ.;2 месяца;Долг;18;68479;20;896;255;30;98;2;504;7;23;85;2;2933;
54;169;"""Свобода""Позитивный";4 месяца;Свобода;18;68189;16;794;169;9;45;1;568;2;16;29;26;2902;
55;321;Кир;4 месяца;—;16;66808;10;439;85;7;29;;318;;0;0;0;1681;да
56;14;Бандерос;4 месяца;Свобода;17;64869;13;1075;244;20;81;;728;2;9;19;2;3562;
57;491;GoDeZ;4 месяца;—;18;63401;16;833;195;22;71;;539;6;16;53;18;2413;
58;41;No Name;4 месяца;—;17;63011;17;710;170;14;49;;474;3;11;36;1;2688;
59;555;"""Свобода"" Damien Insanity";4 месяца;Свобода;17;62748;9;723;164;8;49;;501;1;16;51;29;2569;
60;931;"""Учёные"" Ежик";3 месяца;Учёные;17;61277;12;632;151;16;63;;399;3;25;29;82;2868;
61;1223;"""Учёные"" Сахарок";2 месяца;Учёные;17;60411;10;755;183;17;65;1;482;7;17;100;37;2184;
62;1040;«Свобода» Локи;3 месяца;Свобода;17;59645;15;627;156;18;57;;389;7;18;81;55;2178;
63;115;🛡Д.О.Л.Г🛡 Sokolik174;4 месяца;Долг;17;59041;14;709;163;24;66;1;446;9;13;61;7;1813;
64;269;Ассасин Дмитрий Василенков;4 месяца;Ассасины;17;57311;7;671;162;6;55;;448;;17;33;31;1788;
65;1246;“Наёмник”Сергей Копылов;2 месяца;Наёмники;17;56798;44;706;161;28;69;5;433;10;30;64;11;1517;
66;144;Прогресс;4 месяца;Легионеры;15;56054;13;559;123;12;48;;374;2;0;37;19;2169;да
67;1253;🛡Д.О.Л.Г🛡 Пуля;2 месяца;Долг;17;53442;26;607;139;18;52;3;382;13;18;55;55;1436;
68;960;Павел Громов;3 месяца;Учёные;16;51589;15;718;170;12;57;;476;3;11;42;35;2534;
69;1171;🛡Д.О.Л.Г🛡 Экзарх;3 месяца;Долг;16;49571;12;552;129;11;44;;364;4;11;71;60;1702;
70;61;Алексей Ефремкин(Свобода);4 месяца;Свобода;16;49411;19;780;178;13;58;;527;4;9;9;6;2469;
71;10;Kappa;4 месяца;—;14;46780;11;503;171;13;49;;270;;0;0;0;3808;да
72;1186;Рафик Шамгуллин;3 месяца;—;15;45239;10;536;115;5;16;;400;;8;3;33;2415;
73;1099;Burton;3 месяца;RavenWood;14;45043;6;601;166;7;38;;390;;0;11;9;1495;
74;96;Илья Котов;4 месяца;—;14;44872;13;566;136;10;41;;379;;1;9;1;2142;да
75;875;Бродяга;3 месяца;—;14;44233;7;181;39;2;13;;126;1;0;1;0;583;да
76;912;Слава Придумкин;3 месяца;Торговцы;14;44039;10;299;82;5;25;;186;1;8;66;25;1336;
77;599;Rock89;4 месяца;—;16;43923;15;841;196;10;48;1;583;3;12;44;27;2091;
78;12;Dimon Офицеров;4 месяца;Учёные;14;43681;9;564;126;9;41;;388;;2;6;5;2108;
79;134;ALLKATRAS;4 месяца;Рассвет;14;43563;14;383;91;12;31;;245;4;5;12;7;1756;
80;1115;Илья Тришкин;3 месяца;Вольные сталкеры;13;40577;11;39;16;2;6;;15;;15;17;39;2619;
81;110;🛡Д.О.Л.Г🛡 Денис Елизаров;4 месяца;Долг;15;40247;9;576;147;30;66;;328;5;8;1;10;1588;
82;24;Д. О. Л. Г. Инквизиция;4 месяца;—;14;40125;11;574;132;9;36;1;392;4;5;6;14;1966;
83;490;AlazavR;4 месяца;L E G I O N;14;39704;10;524;125;7;38;;354;;1;19;6;1589;да
84;254;Ведьма;4 месяца;—;14;39456;9;198;54;4;12;;127;1;8;53;34;1428;
85;93;[Д.О.Л.Г] MISTA Q;4 месяца;—;15;39321;13;705;164;11;50;;479;1;3;16;3;1642;
86;1117;Посланник;3 месяца;—;13;39314;17;171;51;2;7;;111;;0;2;0;339;да
87;500;"""Свобода"" Чумба";4 месяца;Свобода;15;39008;11;570;153;14;59;;342;2;7;67;80;2180;
88;381;Виталий Шабалин;4 месяца;—;13;38896;8;412;95;2;26;;289;;0;1;0;2139;да
89;130;ВОВА;4 месяца;—;12;38749;7;305;37;3;9;;256;;0;15;0;902;да
90;119;Владимир;4 месяца;—;12;37947;6;257;30;;2;;225;;0;12;0;1328;да
91;127;кол;4 месяца;—;12;37445;6;281;31;;2;;248;;0;10;0;1345;да
92;151;Антей;4 месяца;—;12;36978;6;269;28;;3;;238;;0;11;0;1386;да
93;105;Гол;4 месяца;—;12;36935;7;271;30;;3;;238;;0;9;0;1378;да
94;125;Валера;4 месяца;—;12;36874;7;276;34;;2;;240;;0;9;0;1350;да
95;104;Вектор;4 месяца;—;12;36441;6;268;25;;2;;241;;0;10;0;1401;да
96;99;Сергей;4 месяца;—;12;36292;6;266;31;;3;;232;;0;12;0;1387;да
97;148;лолита;4 месяца;—;12;36265;7;284;34;;3;;247;;0;9;0;1384;да
98;100;Ашак;4 месяца;—;12;36191;8;288;33;;3;;252;;0;7;0;1366;да
99;95;Метро;4 месяца;—;12;36190;6;268;28;;1;;239;;0;7;0;899;да
100;108;хитрый лис;4 месяца;—;12;36161;8;269;32;;2;;235;;0;10;0;1395;да